epoch,relative_s,type,gimbal_0,gimbal_1,gimbal_2,gimbal_3,channel_0,channel_1,channel_2,channel_3,channel_4,channel_5,channel_6,channel_7,channel_8,channel_9,channel_10,channel_11,channel_12,channel_13,channel_14,channel_15,channel_16,channel_17,channel_18,channel_19,channel_20,channel_21,channel_22,channel_23,channel_24,channel_25,channel_26,channel_27,channel_28,channel_29,channel_30,channel_31,channel_32,elrs_timing_us,elrs_link_status,elrs_link_valid,elrs_seq,ext_sub_index,ext_descriptor,ext_value,idle
1776145580.446659,0.000000,channel,0,3000,2000,1000,32768,35768,34768,33768,65036,0,32768,32768,32768,32768,32768,32768,32768,32768,32768,32768,32768,32768,32768,32768,32768,32768,32768,32768,32768,32768,32768,32768,32768,32768,32768,32768,0,,,,,,,,False
1776145580.486659,0.040000,channel,200,2998,1920,1000,32968,35766,34688,33768,65036,524,32768,32768,32768,32768,32768,32768,32768,32768,32768,32768,32768,32768,32768,32768,32768,32768,32768,32768,32768,32768,32768,32768,32768,32768,32768,32768,256,,,,,,,,False
1776145580.526659,0.080000,channel,401,2992,1840,1000,33169,35760,34608,33768,65036,1048,32768,32768,32768,32768,32768,32768,32768,32768,32768,32768,32768,32768,32768,32768,32768,32768,32768,32768,32768,32768,32768,32768,32768,32768,32768,32768,512,,,,,,,,False
1776145580.566659,0.120000,channel,600,2982,1760,1000,33368,35750,34528,33768,65036,1572,32768,32768,32768,32768,32768,32768,32768,32768,32768,32768,32768,32768,32768,32768,32768,32768,32768,32768,32768,32768,32768,32768,32768,32768,32768,32768,768,,,,,,,,False
1776145580.606659,0.160000,channel,798,2969,1680,1000,33566,35737,34448,33768,65036,2097,32768,32768,32768,32768,32768,32768,32768,32768,32768,32768,32768,32768,32768,32768,32768,32768,32768,32768,32768,32768,32768,32768,32768,32768,32768,32768,1024,,,,,,,,False
1776145580.646659,0.200000,elrs,,,,,,,,,,,,,,,,,,,,,,,,,,,,,,,,,,,,,,20000,212,True,0,,,,
1776145580.646659,0.200000,channel,994,2951,1600,1000,33762,35719,34368,33768,65036,2621,32768,32768,32768,32768,32768,32768,32768,32768,32768,32768,32768,32768,32768,32768,32768,32768,32768,32768,32768,32768,32768,32768,32768,32768,32768,32768,1280,,,,,,,,False
1776145580.686659,0.240000,channel,1188,2930,1520,1000,33956,35698,34288,33768,65036,3145,32768,32768,32768,32768,32768,32768,32768,32768,32768,32768,32768,32768,32768,32768,32768,32768,32768,32768,32768,32768,32768,32768,32768,32768,32768,32768,1536,,,,,,,,False
1776145580.726659,0.280000,channel,1378,2905,1440,1000,34146,35673,34208,33768,65036,3669,32768,32768,32768,32768,32768,32768,32768,32768,32768,32768,32768,32768,32768,32768,32768,32768,32768,32768,32768,32768,32768,32768,32768,32768,32768,32768,1792,,,,,,,,False
1776145580.766659,0.320000,extended,,,,,,,,,,,,,,,,,,,,,,,,,,,,,,,,,,,,,,,,,,0,6,1144,
1776145580.766659,0.320000,extended,,,,,,,,,,,,,,,,,,,,,,,,,,,,,,,,,,,,,,,,,,1,6,1480,
1776145580.766659,0.320000,extended,,,,,,,,,,,,,,,,,,,,,,,,,,,,,,,,,,,,,,,,,,2,6,1375,
1776145580.766659,0.320000,channel,1565,2877,1360,1000,34333,35645,34128,33768,65036,4194,32768,32768,32768,32768,32768,32768,32768,32768,32768,32768,32768,32768,32768,32768,32768,32768,32768,32768,32768,32768,32768,32768,32768,32768,32768,32768,2048,,,,,,,,False
1776145580.806659,0.360000,channel,1748,2844,1280,1000,34516,35612,34048,33768,65036,4718,32768,32768,32768,32768,32768,32768,32768,32768,32768,32768,32768,32768,32768,32768,32768,32768,32768,32768,32768,32768,32768,32768,32768,32768,32768,32768,2304,,,,,,,,False
1776145580.846659,0.400000,elrs,,,,,,,,,,,,,,,,,,,,,,,,,,,,,,,,,,,,,,20000,227,True,1,,,,
1776145580.846659,0.400000,channel,1927,2808,1200,1000,34695,35576,33968,33768,65036,5242,32768,32768,32768,32768,32768,32768,32768,32768,32768,32768,32768,32768,32768,32768,32768,32768,32768,32768,32768,32768,32768,32768,32768,32768,32768,32768,2560,,,,,,,,False
1776145580.886659,0.440000,channel,2100,2769,1120,1000,34868,35537,33888,33768,65036,5767,32768,32768,32768,32768,32768,32768,32768,32768,32768,32768,32768,32768,32768,32768,32768,32768,32768,32768,32768,32768,32768,32768,32768,32768,32768,32768,2816,,,,,,,,False
1776145580.926659,0.480000,channel,2269,2725,1040,1000,35037,35493,33808,33768,65036,6291,32768,32768,32768,32768,32768,32768,32768,32768,32768,32768,32768,32768,32768,32768,32768,32768,32768,32768,32768,32768,32768,32768,32768,32768,32768,32768,3072,,,,,,,,False
1776145580.966659,0.520000,channel,2431,2679,960,1000,35199,35447,33728,33768,65036,6815,32768,32768,32768,32768,32768,32768,32768,32768,32768,32768,32768,32768,32768,32768,32768,32768,32768,32768,32768,32768,32768,32768,32768,32768,32768,32768,3328,,,,,,,,False
1776145581.006659,0.560000,channel,2588,2628,880,1000,35356,35396,33648,33768,65036,7339,32768,32768,32768,32768,32768,32768,32768,32768,32768,32768,32768,32768,32768,32768,32768,32768,32768,32768,32768,32768,32768,32768,32768,32768,32768,32768,3584,,,,,,,,False
1776145581.046659,0.600000,elrs,,,,,,,,,,,,,,,,,,,,,,,,,,,,,,,,,,,,,,20000,242,True,2,,,,
1776145581.046659,0.600000,channel,2738,2575,800,1000,35506,35343,33568,33768,65036,7864,32768,32768,32768,32768,32768,32768,32768,32768,32768,32768,32768,32768,32768,32768,32768,32768,32768,32768,32768,32768,32768,32768,32768,32768,32768,32768,3840,,,,,,,,False
1776145581.086658,0.639999,extended,,,,,,,,,,,,,,,,,,,,,,,,,,,,,,,,,,,,,,,,,,0,6,1293,
1776145581.086658,0.639999,extended,,,,,,,,,,,,,,,,,,,,,,,,,,,,,,,,,,,,,,,,,,1,6,1499,
1776145581.086658,0.639999,extended,,,,,,,,,,,,,,,,,,,,,,,,,,,,,,,,,,,,,,,,,,2,6,1245,
1776145581.086658,0.639999,channel,2881,2518,720,1000,35649,35286,33488,33768,65036,8388,32768,32768,32768,32768,32768,32768,32768,32768,32768,32768,32768,32768,32768,32768,32768,32768,32768,32768,32768,32768,32768,32768,32768,32768,32768,32768,4096,,,,,,,,False
1776145581.126658,0.679999,channel,3017,2458,640,1000,35785,35226,33408,33768,65036,8912,32768,32768,32768,32768,32768,32768,32768,32768,32768,32768,32768,32768,32768,32768,32768,32768,32768,32768,32768,32768,32768,32768,32768,32768,32768,32768,4352,,,,,,,,False
1776145581.166658,0.719999,channel,3145,2395,560,1000,35913,35163,33328,33768,65036,9437,32768,32768,32768,32768,32768,32768,32768,32768,32768,32768,32768,32768,32768,32768,32768,32768,32768,32768,32768,32768,32768,32768,32768,32768,32768,32768,4608,,,,,,,,False
1776145581.206658,0.759999,channel,3265,2328,480,1000,36033,35096,33248,33768,65036,9961,32768,32768,32768,32768,32768,32768,32768,32768,32768,32768,32768,32768,32768,32768,32768,32768,32768,32768,32768,32768,32768,32768,32768,32768,32768,32768,4864,,,,,,,,False
1776145581.246658,0.799999,elrs,,,,,,,,,,,,,,,,,,,,,,,,,,,,,,,,,,,,,,20000,256,True,3,,,,
1776145581.246658,0.799999,channel,3377,2259,400,1000,36145,35027,33168,33768,65036,10485,32768,32768,32768,32768,32768,32768,32768,32768,32768,32768,32768,32768,32768,32768,32768,32768,32768,32768,32768,32768,32768,32768,32768,32768,32768,32768,5120,,,,,,,,False
1776145581.286658,0.839999,channel,3480,2186,320,1000,36248,34954,33088,33768,65036,11009,32768,32768,32768,32768,32768,32768,32768,32768,32768,32768,32768,32768,32768,32768,32768,32768,32768,32768,32768,32768,32768,32768,32768,32768,32768,32768,5376,,,,,,,,False
1776145581.326658,0.879999,channel,3575,2111,240,1000,36343,34879,33008,33768,65036,11534,32768,32768,32768,32768,32768,32768,32768,32768,32768,32768,32768,32768,32768,32768,32768,32768,32768,32768,32768,32768,32768,32768,32768,32768,32768,32768,5632,,,,,,,,False
1776145581.366658,0.919999,channel,3660,2033,160,1000,36428,34801,32928,33768,65036,12058,32768,32768,32768,32768,32768,32768,32768,32768,32768,32768,32768,32768,32768,32768,32768,32768,32768,32768,32768,32768,32768,32768,32768,32768,32768,32768,5888,,,,,,,,False
1776145581.406658,0.959999,extended,,,,,,,,,,,,,,,,,,,,,,,,,,,,,,,,,,,,,,,,,,0,6,1410,
1776145581.406658,0.959999,extended,,,,,,,,,,,,,,,,,,,,,,,,,,,,,,,,,,,,,,,,,,1,6,1461,
1776145581.406658,0.959999,extended,,,,,,,,,,,,,,,,,,,,,,,,,,,,,,,,,,,,,,,,,,2,6,1088,
1776145581.406658,0.959999,channel,3737,1953,80,1000,36505,34721,32848,33768,65036,12582,32768,32768,32768,32768,32768,32768,32768,32768,32768,32768,32768,32768,32768,32768,32768,32768,32768,32768,32768,32768,32768,32768,32768,32768,32768,32768,6144,,,,,,,,False
1776145581.446658,0.999999,elrs,,,,,,,,,,,,,,,,,,,,,,,,,,,,,,,,,,,,,,20000,268,True,4,,,,
1776145581.446658,0.999999,channel,3804,1870,0,1000,36572,34638,32768,33768,65036,13106,32768,32768,32768,32768,32768,32768,32768,32768,32768,32768,32768,32768,32768,32768,32768,32768,32768,32768,32768,32768,32768,32768,32768,32768,32768,32768,6400,,,,,,,,False
1776145581.486658,1.039999,channel,3861,1785,-79,-1000,36629,34553,32689,31768,32768,13631,32768,32768,32768,32768,32768,32768,32768,32768,32768,32768,32768,32768,32768,32768,32768,32768,32768,32768,32768,32768,32768,32768,32768,32768,32768,32768,6656,,,,,,,,False
1776145581.526658,1.079999,channel,3909,1697,-159,-1000,36677,34465,32609,31768,32768,14155,32768,32768,32768,32768,32768,32768,32768,32768,32768,32768,32768,32768,32768,32768,32768,32768,32768,32768,32768,32768,32768,32768,32768,32768,32768,32768,6912,,,,,,,,False
1776145581.566658,1.119999,channel,3946,1607,-239,-1000,36714,34375,32529,31768,32768,14679,32768,32768,32768,32768,32768,32768,32768,32768,32768,32768,32768,32768,32768,32768,32768,32768,32768,32768,32768,32768,32768,32768,32768,32768,32768,32768,7168,,,,,,,,False
1776145581.606658,1.159999,channel,3974,1515,-319,-1000,36742,34283,32449,31768,32768,15204,32768,32768,32768,32768,32768,32768,32768,32768,32768,32768,32768,32768,32768,32768,32768,32768,32768,32768,32768,32768,32768,32768,32768,32768,32768,32768,7424,,,,,,,,False
1776145581.646658,1.199999,elrs,,,,,,,,,,,,,,,,,,,,,,,,,,,,,,,,,,,,,,20000,279,True,5,,,,
1776145581.646658,1.199999,channel,3992,1421,-399,-1000,36760,34189,32369,31768,32768,15728,32768,32768,32768,32768,32768,32768,32768,32768,32768,32768,32768,32768,32768,32768,32768,32768,32768,32768,32768,32768,32768,32768,32768,32768,32768,32768,7680,,,,,,,,False
1776145581.686658,1.239999,channel,3999,1325,-479,-1000,36767,34093,32289,31768,32768,16252,32768,32768,32768,32768,32768,32768,32768,32768,32768,32768,32768,32768,32768,32768,32768,32768,32768,32768,32768,32768,32768,32768,32768,32768,32768,32768,7936,,,,,,,,False
1776145581.726658,1.279999,extended,,,,,,,,,,,,,,,,,,,,,,,,,,,,,,,,,,,,,,,,,,0,6,1481,
1776145581.726658,1.279999,extended,,,,,,,,,,,,,,,,,,,,,,,,,,,,,,,,,,,,,,,,,,1,6,1373,
1776145581.726658,1.279999,extended,,,,,,,,,,,,,,,,,,,,,,,,,,,,,,,,,,,,,,,,,,2,6,921,
1776145581.726658,1.279999,channel,3997,1228,-559,-1000,36765,33996,32209,31768,32768,16776,32768,32768,32768,32768,32768,32768,32768,32768,32768,32768,32768,32768,32768,32768,32768,32768,32768,32768,32768,32768,32768,32768,32768,32768,32768,32768,8192,,,,,,,,False
1776145581.766658,1.319999,channel,3984,1129,-639,-1000,36752,33897,32129,31768,32768,17301,32768,32768,32768,32768,32768,32768,32768,32768,32768,32768,32768,32768,32768,32768,32768,32768,32768,32768,32768,32768,32768,32768,32768,32768,32768,32768,8448,,,,,,,,False
1776145581.806658,1.359999,channel,3961,1028,-719,-1000,36729,33796,32049,31768,32768,17825,32768,32768,32768,32768,32768,32768,32768,32768,32768,32768,32768,32768,32768,32768,32768,32768,32768,32768,32768,32768,32768,32768,32768,32768,32768,32768,8704,,,,,,,,False
1776145581.846658,1.399999,elrs,,,,,,,,,,,,,,,,,,,,,,,,,,,,,,,,,,,,,,20000,287,True,6,,,,
1776145581.846658,1.399999,channel,3929,927,-799,-1000,36697,33695,31969,31768,32768,18349,32768,32768,32768,32768,32768,32768,32768,32768,32768,32768,32768,32768,32768,32768,32768,32768,32768,32768,32768,32768,32768,32768,32768,32768,32768,32768,8960,,,,,,,,False
1776145581.886658,1.439999,channel,3886,824,-879,-1000,36654,33592,31889,31768,32768,18874,32768,32768,32768,32768,32768,32768,32768,32768,32768,32768,32768,32768,32768,32768,32768,32768,32768,32768,32768,32768,32768,32768,32768,32768,32768,32768,9216,,,,,,,,False
1776145581.926658,1.479999,channel,3834,719,-959,-1000,36602,33487,31809,31768,32768,19398,32768,32768,32768,32768,32768,32768,32768,32768,32768,32768,32768,32768,32768,32768,32768,32768,32768,32768,32768,32768,32768,32768,32768,32768,32768,32768,9472,,,,,,,,False
1776145581.966658,1.519999,channel,3771,614,-1039,-1000,36539,33382,31729,31768,32768,19922,32768,32768,32768,32768,32768,32768,32768,32768,32768,32768,32768,32768,32768,32768,32768,32768,32768,32768,32768,32768,32768,32768,32768,32768,32768,32768,9728,,,,,,,,False
1776145582.006658,1.559999,channel,3700,509,-1119,-1000,36468,33277,31649,31768,32768,20446,32768,32768,32768,32768,32768,32768,32768,32768,32768,32768,32768,32768,32768,32768,32768,32768,32768,32768,32768,32768,32768,32768,32768,32768,32768,32768,9984,,,,,,,,False
1776145582.046658,1.599999,elrs,,,,,,,,,,,,,,,,,,,,,,,,,,,,,,,,,,,,,,20000,294,True,7,,,,
1776145582.046658,1.599999,extended,,,,,,,,,,,,,,,,,,,,,,,,,,,,,,,,,,,,,,,,,,0,6,1499,
1776145582.046658,1.599999,extended,,,,,,,,,,,,,,,,,,,,,,,,,,,,,,,,,,,,,,,,,,1,6,1243,
1776145582.046658,1.599999,extended,,,,,,,,,,,,,,,,,,,,,,,,,,,,,,,,,,,,,,,,,,2,6,763,
1776145582.046658,1.599999,channel,3619,402,-1199,-1000,36387,33170,31569,31768,32768,20971,32768,32768,32768,32768,32768,32768,32768,32768,32768,32768,32768,32768,32768,32768,32768,32768,32768,32768,32768,32768,32768,32768,32768,32768,32768,32768,10240,,,,,,,,False
1776145582.086658,1.639999,channel,3529,295,-1279,-1000,36297,33063,31489,31768,32768,21495,32768,32768,32768,32768,32768,32768,32768,32768,32768,32768,32768,32768,32768,32768,32768,32768,32768,32768,32768,32768,32768,32768,32768,32768,32768,32768,10496,,,,,,,,False
1776145582.126657,1.679998,channel,3430,188,-1359,-1000,36198,32956,31409,31768,32768,22019,32768,32768,32768,32768,32768,32768,32768,32768,32768,32768,32768,32768,32768,32768,32768,32768,32768,32768,32768,32768,32768,32768,32768,32768,32768,32768,10752,,,,,,,,False
1776145582.166657,1.719998,channel,3322,80,-1439,-1000,36090,32848,31329,31768,32768,22544,32768,32768,32768,32768,32768,32768,32768,32768,32768,32768,32768,32768,32768,32768,32768,32768,32768,32768,32768,32768,32768,32768,32768,32768,32768,32768,11008,,,,,,,,False
1776145582.206657,1.759998,channel,3206,-26,-1519,-1000,35974,32742,31249,31768,32768,23068,32768,32768,32768,32768,32768,32768,32768,32768,32768,32768,32768,32768,32768,32768,32768,32768,32768,32768,32768,32768,32768,32768,32768,32768,32768,32768,11264,,,,,,,,False
1776145582.246657,1.799998,elrs,,,,,,,,,,,,,,,,,,,,,,,,,,,,,,,,,,,,,,20000,298,True,8,,,,
1776145582.246657,1.799998,channel,3082,-134,-1599,-1000,35850,32634,31169,31768,32768,23592,32768,32768,32768,32768,32768,32768,32768,32768,32768,32768,32768,32768,32768,32768,32768,32768,32768,32768,32768,32768,32768,32768,32768,32768,32768,32768,11520,,,,,,,,False
1776145582.286657,1.839998,channel,2950,-242,-1679,-1000,35718,32526,31089,31768,32768,24116,32768,32768,32768,32768,32768,32768,32768,32768,32768,32768,32768,32768,32768,32768,32768,32768,32768,32768,32768,32768,32768,32768,32768,32768,32768,32768,11776,,,,,,,,False
1776145582.326657,1.879998,channel,2810,-349,-1759,-1000,35578,32419,31009,31768,32768,24641,32768,32768,32768,32768,32768,32768,32768,32768,32768,32768,32768,32768,32768,32768,32768,32768,32768,32768,32768,32768,32768,32768,32768,32768,32768,32768,12032,,,,,,,,False
1776145582.366657,1.919998,extended,,,,,,,,,,,,,,,,,,,,,,,,,,,,,,,,,,,,,,,,,,0,6,1460,
1776145582.366657,1.919998,extended,,,,,,,,,,,,,,,,,,,,,,,,,,,,,,,,,,,,,,,,,,1,6,1086,
1776145582.366657,1.919998,extended,,,,,,,,,,,,,,,,,,,,,,,,,,,,,,,,,,,,,,,,,,2,6,632,
1776145582.366657,1.919998,channel,2664,-455,-1839,-1000,35432,32313,30929,31768,32768,25165,32768,32768,32768,32768,32768,32768,32768,32768,32768,32768,32768,32768,32768,32768,32768,32768,32768,32768,32768,32768,32768,32768,32768,32768,32768,32768,12288,,,,,,,,False
1776145582.406657,1.959998,channel,2510,-562,-1919,-1000,35278,32206,30849,31768,32768,25689,32768,32768,32768,32768,32768,32768,32768,32768,32768,32768,32768,32768,32768,32768,32768,32768,32768,32768,32768,32768,32768,32768,32768,32768,32768,32768,12544,,,,,,,,False
1776145582.446657,1.999998,elrs,,,,,,,,,,,,,,,,,,,,,,,,,,,,,,,,,,,,,,20000,299,True,9,,,,
1776145582.446657,1.999998,channel,2351,-667,-1999,-1000,35119,32101,30769,31768,32768,26213,32768,32768,32768,32768,32768,32768,32768,32768,32768,32768,32768,32768,32768,32768,32768,32768,32768,32768,32768,32768,32768,32768,32768,32768,32768,32768,12800,,,,,,,,False
1776145582.486657,2.039998,channel,2185,-772,-1920,-1000,34953,31996,30848,31768,65036,26738,32768,32768,32768,32768,32768,32768,32768,32768,32768,32768,32768,32768,32768,32768,32768,32768,32768,32768,32768,32768,32768,32768,32768,32768,32768,32768,13056,,,,,,,,False
1776145582.526657,2.079998,channel,2014,-875,-1840,-1000,34782,31893,30928,31768,65036,27262,32768,32768,32768,32768,32768,32768,32768,32768,32768,32768,32768,32768,32768,32768,32768,32768,32768,32768,32768,32768,32768,32768,32768,32768,32768,32768,13312,,,,,,,,False
1776145582.566657,2.119998,channel,1838,-978,-1760,-1000,34606,31790,31008,31768,65036,27786,32768,32768,32768,32768,32768,32768,32768,32768,32768,32768,32768,32768,32768,32768,32768,32768,32768,32768,32768,32768,32768,32768,32768,32768,32768,32768,13568,,,,,,,,False
1776145582.606657,2.159998,channel,1657,-1079,-1680,-1000,34425,31689,31088,31768,65036,28311,32768,32768,32768,32768,32768,32768,32768,32768,32768,32768,32768,32768,32768,32768,32768,32768,32768,32768,32768,32768,32768,32768,32768,32768,32768,32768,13824,,,,,,,,False
1776145582.646657,2.199998,elrs,,,,,,,,,,,,,,,,,,,,,,,,,,,,,,,,,,,,,,20000,299,True,10,,,,
1776145582.646657,2.199998,channel,1472,-1179,-1600,-1000,34240,31589,31168,31768,65036,28835,32768,32768,32768,32768,32768,32768,32768,32768,32768,32768,32768,32768,32768,32768,32768,32768,32768,32768,32768,32768,32768,32768,32768,32768,32768,32768,14080,,,,,,,,False
1776145582.686657,2.239998,extended,,,,,,,,,,,,,,,,,,,,,,,,,,,,,,,,,,,,,,,,,,0,6,1371,
1776145582.686657,2.239998,extended,,,,,,,,,,,,,,,,,,,,,,,,,,,,,,,,,,,,,,,,,,1,6,919,
1776145582.686657,2.239998,extended,,,,,,,,,,,,,,,,,,,,,,,,,,,,,,,,,,,,,,,,,,2,6,541,
1776145582.686657,2.239998,channel,1283,-1277,-1520,-1000,34051,31491,31248,31768,65036,29359,32768,32768,32768,32768,32768,32768,32768,32768,32768,32768,32768,32768,32768,32768,32768,32768,32768,32768,32768,32768,32768,32768,32768,32768,32768,32768,14336,,,,,,,,False
1776145582.726657,2.279998,channel,1091,-1373,-1440,-1000,33859,31395,31328,31768,65036,29883,32768,32768,32768,32768,32768,32768,32768,32768,32768,32768,32768,32768,32768,32768,32768,32768,32768,32768,32768,32768,32768,32768,32768,32768,32768,32768,14592,,,,,,,,False
1776145582.766657,2.319998,channel,897,-1468,-1360,-1000,33665,31300,31408,31768,65036,30408,32768,32768,32768,32768,32768,32768,32768,32768,32768,32768,32768,32768,32768,32768,32768,32768,32768,32768,32768,32768,32768,32768,32768,32768,32768,32768,14848,,,,,,,,False
1776145582.806657,2.359998,channel,700,-1561,-1280,-1000,33468,31207,31488,31768,65036,30932,32768,32768,32768,32768,32768,32768,32768,32768,32768,32768,32768,32768,32768,32768,32768,32768,32768,32768,32768,32768,32768,32768,32768,32768,32768,32768,15104,,,,,,,,False
1776145582.846657,2.399998,elrs,,,,,,,,,,,,,,,,,,,,,,,,,,,,,,,,,,,,,,20000,296,True,11,,,,
1776145582.846657,2.399998,channel,501,-1652,-1200,-1000,33269,31116,31568,31768,65036,31456,32768,32768,32768,32768,32768,32768,32768,32768,32768,32768,32768,32768,32768,32768,32768,32768,32768,32768,32768,32768,32768,32768,32768,32768,32768,32768,15360,,,,,,,,False
1776145582.886657,2.439998,channel,301,-1741,-1120,-1000,33069,31027,31648,31768,65036,31981,32768,32768,32768,32768,32768,32768,32768,32768,32768,32768,32768,32768,32768,32768,32768,32768,32768,32768,32768,32768,32768,32768,32768,32768,32768,32768,15616,,,,,,,,False
1776145582.926657,2.479998,channel,100,-1828,-1040,-1000,32868,30940,31728,31768,65036,32505,32768,32768,32768,32768,32768,32768,32768,32768,32768,32768,32768,32768,32768,32768,32768,32768,32768,32768,32768,32768,32768,32768,32768,32768,32768,32768,15872,,,,,,,,False
1776145582.966657,2.519998,channel,-100,-1912,-960,-1000,32668,30856,31808,31768,65036,33029,32768,32768,32768,32768,32768,32768,32768,32768,32768,32768,32768,32768,32768,32768,32768,32768,32768,32768,32768,32768,32768,32768,32768,32768,32768,32768,16128,,,,,,,,False
1776145583.006657,2.559998,extended,,,,,,,,,,,,,,,,,,,,,,,,,,,,,,,,,,,,,,,,,,0,6,1240,
1776145583.006657,2.559998,extended,,,,,,,,,,,,,,,,,,,,,,,,,,,,,,,,,,,,,,,,,,1,6,761,
1776145583.006657,2.559998,extended,,,,,,,,,,,,,,,,,,,,,,,,,,,,,,,,,,,,,,,,,,2,6,501,
1776145583.006657,2.559998,channel,-301,-1994,-880,-1000,32467,30774,31888,31768,65036,33553,32768,32768,32768,32768,32768,32768,32768,32768,32768,32768,32768,32768,32768,32768,32768,32768,32768,32768,32768,32768,32768,32768,32768,32768,32768,32768,16384,,,,,,,,False
1776145583.046657,2.599998,elrs,,,,,,,,,,,,,,,,,,,,,,,,,,,,,,,,,,,,,,20000,290,True,12,,,,
1776145583.046657,2.599998,channel,-501,-2073,-800,-1000,32267,30695,31968,31768,65036,34078,32768,32768,32768,32768,32768,32768,32768,32768,32768,32768,32768,32768,32768,32768,32768,32768,32768,32768,32768,32768,32768,32768,32768,32768,32768,32768,16640,,,,,,,,False
1776145583.086657,2.639998,channel,-700,-2149,-720,-1000,32068,30619,32048,31768,65036,34602,32768,32768,32768,32768,32768,32768,32768,32768,32768,32768,32768,32768,32768,32768,32768,32768,32768,32768,32768,32768,32768,32768,32768,32768,32768,32768,16896,,,,,,,,False
1776145583.126657,2.679998,channel,-897,-2223,-640,-1000,31871,30545,32128,31768,65036,35126,32768,32768,32768,32768,32768,32768,32768,32768,32768,32768,32768,32768,32768,32768,32768,32768,32768,32768,32768,32768,32768,32768,32768,32768,32768,32768,17152,,,,,,,,False
1776145583.166656,2.719997,channel,-1091,-2294,-560,-1000,31677,30474,32208,31768,65036,35651,32768,32768,32768,32768,32768,32768,32768,32768,32768,32768,32768,32768,32768,32768,32768,32768,32768,32768,32768,32768,32768,32768,32768,32768,32768,32768,17408,,,,,,,,False
1776145583.206656,2.759997,channel,-1283,-2362,-480,-1000,31485,30406,32288,31768,65036,36175,32768,32768,32768,32768,32768,32768,32768,32768,32768,32768,32768,32768,32768,32768,32768,32768,32768,32768,32768,32768,32768,32768,32768,32768,32768,32768,17664,,,,,,,,False
1776145583.246656,2.799997,elrs,,,,,,,,,,,,,,,,,,,,,,,,,,,,,,,,,,,,,,20000,282,True,13,,,,
1776145583.246656,2.799997,channel,-1472,-2427,-400,-1000,31296,30341,32368,31768,65036,36699,32768,32768,32768,32768,32768,32768,32768,32768,32768,32768,32768,32768,32768,32768,32768,32768,32768,32768,32768,32768,32768,32768,32768,32768,32768,32768,17920,,,,,,,,False
1776145583.286656,2.839997,channel,-1657,-2488,-320,-1000,31111,30280,32448,31768,65036,37223,32768,32768,32768,32768,32768,32768,32768,32768,32768,32768,32768,32768,32768,32768,32768,32768,32768,32768,32768,32768,32768,32768,32768,32768,32768,32768,18176,,,,,,,,False
1776145583.326656,2.879997,extended,,,,,,,,,,,,,,,,,,,,,,,,,,,,,,,,,,,,,,,,,,0,6,1083,
1776145583.326656,2.879997,extended,,,,,,,,,,,,,,,,,,,,,,,,,,,,,,,,,,,,,,,,,,1,6,630,
1776145583.326656,2.879997,extended,,,,,,,,,,,,,,,,,,,,,,,,,,,,,,,,,,,,,,,,,,2,6,517,
1776145583.326656,2.879997,channel,-1838,-2547,-240,-1000,30930,30221,32528,31768,65036,37748,32768,32768,32768,32768,32768,32768,32768,32768,32768,32768,32768,32768,32768,32768,32768,32768,32768,32768,32768,32768,32768,32768,32768,32768,32768,32768,18432,,,,,,,,False
1776145583.366656,2.919997,channel,-2014,-2602,-160,-1000,30754,30166,32608,31768,65036,38272,32768,32768,32768,32768,32768,32768,32768,32768,32768,32768,32768,32768,32768,32768,32768,32768,32768,32768,32768,32768,32768,32768,32768,32768,32768,32768,18688,,,,,,,,False
1776145583.406656,2.959997,channel,-2185,-2654,-80,-1000,30583,30114,32688,31768,65036,38796,32768,32768,32768,32768,32768,32768,32768,32768,32768,32768,32768,32768,32768,32768,32768,32768,32768,32768,32768,32768,32768,32768,32768,32768,32768,32768,18944,,,,,,,,False
1776145583.446656,2.999997,elrs,,,,,,,,,,,,,,,,,,,,,,,,,,,,,,,,,,,,,,20000,272,True,14,,,,
1776145583.446656,2.999997,channel,-2351,-2702,0,-1000,30417,30066,32768,31768,65036,39320,32768,32768,32768,32768,32768,32768,32768,32768,32768,32768,32768,32768,32768,32768,32768,32768,32768,32768,32768,32768,32768,32768,32768,32768,32768,32768,19200,,,,,,,,False
1776145583.486656,3.039997,channel,-2510,-2747,79,1000,30258,30021,32847,33768,32768,39845,32768,32768,32768,32768,32768,32768,32768,32768,32768,32768,32768,32768,32768,32768,32768,32768,32768,32768,32768,32768,32768,32768,32768,32768,32768,32768,19456,,,,,,,,False
1776145583.526656,3.079997,channel,-2664,-2789,159,1000,30104,29979,32927,33768,32768,40369,32768,32768,32768,32768,32768,32768,32768,32768,32768,32768,32768,32768,32768,32768,32768,32768,32768,32768,32768,32768,32768,32768,32768,32768,32768,32768,19712,,,,,,,,False
1776145583.566656,3.119997,channel,-2810,-2827,239,1000,29958,29941,33007,33768,32768,40893,32768,32768,32768,32768,32768,32768,32768,32768,32768,32768,32768,32768,32768,32768,32768,32768,32768,32768,32768,32768,32768,32768,32768,32768,32768,32768,19968,,,,,,,,False
1776145583.606656,3.159997,channel,-2950,-2861,319,1000,29818,29907,33087,33768,32768,41418,32768,32768,32768,32768,32768,32768,32768,32768,32768,32768,32768,32768,32768,32768,32768,32768,32768,32768,32768,32768,32768,32768,32768,32768,32768,32768,20224,,,,,,,,False
1776145583.646656,3.199997,elrs,,,,,,,,,,,,,,,,,,,,,,,,,,,,,,,,,,,,,,20000,261,True,15,,,,
1776145583.646656,3.199997,extended,,,,,,,,,,,,,,,,,,,,,,,,,,,,,,,,,,,,,,,,,,0,6,916,
1776145583.646656,3.199997,extended,,,,,,,,,,,,,,,,,,,,,,,,,,,,,,,,,,,,,,,,,,1,6,540,
1776145583.646656,3.199997,extended,,,,,,,,,,,,,,,,,,,,,,,,,,,,,,,,,,,,,,,,,,2,6,586,
1776145583.646656,3.199997,channel,-3082,-2891,399,1000,29686,29877,33167,33768,32768,41942,32768,32768,32768,32768,32768,32768,32768,32768,32768,32768,32768,32768,32768,32768,32768,32768,32768,32768,32768,32768,32768,32768,32768,32768,32768,32768,20480,,,,,,,,False
1776145583.686656,3.239997,channel,-3206,-2918,479,1000,29562,29850,33247,33768,32768,42466,32768,32768,32768,32768,32768,32768,32768,32768,32768,32768,32768,32768,32768,32768,32768,32768,32768,32768,32768,32768,32768,32768,32768,32768,32768,32768,20736,,,,,,,,False
1776145583.726656,3.279997,channel,-3322,-2941,559,1000,29446,29827,33327,33768,32768,42990,32768,32768,32768,32768,32768,32768,32768,32768,32768,32768,32768,32768,32768,32768,32768,32768,32768,32768,32768,32768,32768,32768,32768,32768,32768,32768,20992,,,,,,,,False
1776145583.766656,3.319997,channel,-3430,-2960,639,1000,29338,29808,33407,33768,32768,43515,32768,32768,32768,32768,32768,32768,32768,32768,32768,32768,32768,32768,32768,32768,32768,32768,32768,32768,32768,32768,32768,32768,32768,32768,32768,32768,21248,,,,,,,,False
1776145583.806656,3.359997,channel,-3529,-2976,719,1000,29239,29792,33487,33768,32768,44039,32768,32768,32768,32768,32768,32768,32768,32768,32768,32768,32768,32768,32768,32768,32768,32768,32768,32768,32768,32768,32768,32768,32768,32768,32768,32768,21504,,,,,,,,False
1776145583.846656,3.399997,elrs,,,,,,,,,,,,,,,,,,,,,,,,,,,,,,,,,,,,,,20000,248,True,16,,,,
1776145583.846656,3.399997,channel,-3619,-2987,799,1000,29149,29781,33567,33768,32768,44563,32768,32768,32768,32768,32768,32768,32768,32768,32768,32768,32768,32768,32768,32768,32768,32768,32768,32768,32768,32768,32768,32768,32768,32768,32768,32768,21760,,,,,,,,False
1776145583.886656,3.439997,channel,-3700,-2995,879,1000,29068,29773,33647,33768,32768,45088,32768,32768,32768,32768,32768,32768,32768,32768,32768,32768,32768,32768,32768,32768,32768,32768,32768,32768,32768,32768,32768,32768,32768,32768,32768,32768,22016,,,,,,,,False
1776145583.926656,3.479997,channel,-3771,-2999,959,1000,28997,29769,33727,33768,32768,45612,32768,32768,32768,32768,32768,32768,32768,32768,32768,32768,32768,32768,32768,32768,32768,32768,32768,32768,32768,32768,32768,32768,32768,32768,32768,32768,22272,,,,,,,,False
1776145583.966656,3.519997,extended,,,,,,,,,,,,,,,,,,,,,,,,,,,,,,,,,,,,,,,,,,0,6,759,
1776145583.966656,3.519997,extended,,,,,,,,,,,,,,,,,,,,,,,,,,,,,,,,,,,,,,,,,,1,6,501,
1776145583.966656,3.519997,extended,,,,,,,,,,,,,,,,,,,,,,,,,,,,,,,,,,,,,,,,,,2,6,701,
1776145583.966656,3.519997,channel,-3834,-2999,1039,1000,28934,29769,33807,33768,32768,46136,32768,32768,32768,32768,32768,32768,32768,32768,32768,32768,32768,32768,32768,32768,32768,32768,32768,32768,32768,32768,32768,32768,32768,32768,32768,32768,22528,,,,,,,,False
1776145584.006656,3.559997,channel,-3886,-2995,1119,1000,28882,29773,33887,33768,32768,46660,32768,32768,32768,32768,32768,32768,32768,32768,32768,32768,32768,32768,32768,32768,32768,32768,32768,32768,32768,32768,32768,32768,32768,32768,32768,32768,22784,,,,,,,,False
1776145584.046656,3.599997,elrs,,,,,,,,,,,,,,,,,,,,,,,,,,,,,,,,,,,,,,20000,233,True,17,,,,
1776145584.046656,3.599997,channel,-3929,-2987,1199,1000,28839,29781,33967,33768,32768,47185,32768,32768,32768,32768,32768,32768,32768,32768,32768,32768,32768,32768,32768,32768,32768,32768,32768,32768,32768,32768,32768,32768,32768,32768,32768,32768,23040,,,,,,,,False
1776145584.086656,3.639997,channel,-3961,-2976,1279,1000,28807,29792,34047,33768,32768,47709,32768,32768,32768,32768,32768,32768,32768,32768,32768,32768,32768,32768,32768,32768,32768,32768,32768,32768,32768,32768,32768,32768,32768,32768,32768,32768,23296,,,,,,,,False
1776145584.126656,3.679997,channel,-3984,-2960,1359,1000,28784,29808,34127,33768,32768,48233,32768,32768,32768,32768,32768,32768,32768,32768,32768,32768,32768,32768,32768,32768,32768,32768,32768,32768,32768,32768,32768,32768,32768,32768,32768,32768,23552,,,,,,,,False
1776145584.166656,3.719997,channel,-3997,-2941,1439,1000,28771,29827,34207,33768,32768,48757,32768,32768,32768,32768,32768,32768,32768,32768,32768,32768,32768,32768,32768,32768,32768,32768,32768,32768,32768,32768,32768,32768,32768,32768,32768,32768,23808,,,,,,,,False
1776145584.206656,3.759997,channel,-3999,-2918,1519,1000,28769,29850,34287,33768,32768,49282,32768,32768,32768,32768,32768,32768,32768,32768,32768,32768,32768,32768,32768,32768,32768,32768,32768,32768,32768,32768,32768,32768,32768,32768,32768,32768,24064,,,,,,,,False
1776145584.246655,3.799996,elrs,,,,,,,,,,,,,,,,,,,,,,,,,,,,,,,,,,,,,,20000,218,True,18,,,,
1776145584.246655,3.799996,channel,-3992,-2891,1599,1000,28776,29877,34367,33768,32768,49806,32768,32768,32768,32768,32768,32768,32768,32768,32768,32768,32768,32768,32768,32768,32768,32768,32768,32768,32768,32768,32768,32768,32768,32768,32768,32768,24320,,,,,,,,False
1776145584.286655,3.839996,extended,,,,,,,,,,,,,,,,,,,,,,,,,,,,,,,,,,,,,,,,,,0,6,628,
1776145584.286655,3.839996,extended,,,,,,,,,,,,,,,,,,,,,,,,,,,,,,,,,,,,,,,,,,1,6,517,
1776145584.286655,3.839996,extended,,,,,,,,,,,,,,,,,,,,,,,,,,,,,,,,,,,,,,,,,,2,6,850,
1776145584.286655,3.839996,channel,-3974,-2861,1679,1000,28794,29907,34447,33768,32768,50330,32768,32768,32768,32768,32768,32768,32768,32768,32768,32768,32768,32768,32768,32768,32768,32768,32768,32768,32768,32768,32768,32768,32768,32768,32768,32768,24576,,,,,,,,False
1776145584.326655,3.879996,channel,-3946,-2827,1759,1000,28822,29941,34527,33768,32768,50855,32768,32768,32768,32768,32768,32768,32768,32768,32768,32768,32768,32768,32768,32768,32768,32768,32768,32768,32768,32768,32768,32768,32768,32768,32768,32768,24832,,,,,,,,False
1776145584.366655,3.919996,channel,-3909,-2789,1839,1000,28859,29979,34607,33768,32768,51379,32768,32768,32768,32768,32768,32768,32768,32768,32768,32768,32768,32768,32768,32768,32768,32768,32768,32768,32768,32768,32768,32768,32768,32768,32768,32768,25088,,,,,,,,False
1776145584.406655,3.959996,channel,-3861,-2747,1919,1000,28907,30021,34687,33768,32768,51903,32768,32768,32768,32768,32768,32768,32768,32768,32768,32768,32768,32768,32768,32768,32768,32768,32768,32768,32768,32768,32768,32768,32768,32768,32768,32768,25344,,,,,,,,False
1776145584.446655,3.999996,elrs,,,,,,,,,,,,,,,,,,,,,,,,,,,,,,,,,,,,,,20000,203,True,19,,,,
1776145584.446655,3.999996,channel,-3804,-2702,1999,1000,28964,30066,34767,33768,32768,52427,32768,32768,32768,32768,32768,32768,32768,32768,32768,32768,32768,32768,32768,32768,32768,32768,32768,32768,32768,32768,32768,32768,32768,32768,32768,32768,25600,,,,,,,,False
1776145584.486655,4.039996,channel,-3737,-2654,1920,-1000,29031,30114,34688,31768,65036,52952,32768,32768,32768,32768,32768,32768,32768,32768,32768,32768,32768,32768,32768,32768,32768,32768,32768,32768,32768,32768,32768,32768,32768,32768,32768,32768,25856,,,,,,,,False
1776145584.526655,4.079996,channel,-3660,-2602,1840,-1000,29108,30166,34608,31768,65036,53476,32768,32768,32768,32768,32768,32768,32768,32768,32768,32768,32768,32768,32768,32768,32768,32768,32768,32768,32768,32768,32768,32768,32768,32768,32768,32768,26112,,,,,,,,False
1776145584.566655,4.119996,channel,-3575,-2547,1760,-1000,29193,30221,34528,31768,65036,54000,32768,32768,32768,32768,32768,32768,32768,32768,32768,32768,32768,32768,32768,32768,32768,32768,32768,32768,32768,32768,32768,32768,32768,32768,32768,32768,26368,,,,,,,,False
1776145584.606655,4.159996,extended,,,,,,,,,,,,,,,,,,,,,,,,,,,,,,,,,,,,,,,,,,0,6,539,
1776145584.606655,4.159996,extended,,,,,,,,,,,,,,,,,,,,,,,,,,,,,,,,,,,,,,,,,,1,6,587,
1776145584.606655,4.159996,extended,,,,,,,,,,,,,,,,,,,,,,,,,,,,,,,,,,,,,,,,,,2,6,1015,
1776145584.606655,4.159996,channel,-3480,-2488,1680,-1000,29288,30280,34448,31768,65036,54525,32768,32768,32768,32768,32768,32768,32768,32768,32768,32768,32768,32768,32768,32768,32768,32768,32768,32768,32768,32768,32768,32768,32768,32768,32768,32768,26624,,,,,,,,False
1776145584.646655,4.199996,elrs,,,,,,,,,,,,,,,,,,,,,,,,,,,,,,,,,,,,,,20000,187,True,20,,,,
1776145584.646655,4.199996,channel,-3377,-2427,1600,-1000,29391,30341,34368,31768,65036,55049,32768,32768,32768,32768,32768,32768,32768,32768,32768,32768,32768,32768,32768,32768,32768,32768,32768,32768,32768,32768,32768,32768,32768,32768,32768,32768,26880,,,,,,,,False
1776145584.686655,4.239996,channel,-3265,-2362,1520,-1000,29503,30406,34288,31768,65036,55573,32768,32768,32768,32768,32768,32768,32768,32768,32768,32768,32768,32768,32768,32768,32768,32768,32768,32768,32768,32768,32768,32768,32768,32768,32768,32768,27136,,,,,,,,False
1776145584.726655,4.279996,channel,-3145,-2294,1440,-1000,29623,30474,34208,31768,65036,56097,32768,32768,32768,32768,32768,32768,32768,32768,32768,32768,32768,32768,32768,32768,32768,32768,32768,32768,32768,32768,32768,32768,32768,32768,32768,32768,27392,,,,,,,,False
1776145584.766655,4.319996,channel,-3017,-2223,1360,-1000,29751,30545,34128,31768,65036,56622,32768,32768,32768,32768,32768,32768,32768,32768,32768,32768,32768,32768,32768,32768,32768,32768,32768,32768,32768,32768,32768,32768,32768,32768,32768,32768,27648,,,,,,,,False
1776145584.806655,4.359996,channel,-2881,-2149,1280,-1000,29887,30619,34048,31768,65036,57146,32768,32768,32768,32768,32768,32768,32768,32768,32768,32768,32768,32768,32768,32768,32768,32768,32768,32768,32768,32768,32768,32768,32768,32768,32768,32768,27904,,,,,,,,False
1776145584.846655,4.399996,elrs,,,,,,,,,,,,,,,,,,,,,,,,,,,,,,,,,,,,,,20000,172,True,21,,,,
1776145584.846655,4.399996,channel,-2738,-2073,1200,-1000,30030,30695,33968,31768,65036,57670,32768,32768,32768,32768,32768,32768,32768,32768,32768,32768,32768,32768,32768,32768,32768,32768,32768,32768,32768,32768,32768,32768,32768,32768,32768,32768,28160,,,,,,,,False
1776145584.886655,4.439996,channel,-2588,-1994,1120,-1000,30180,30774,33888,31768,65036,58195,32768,32768,32768,32768,32768,32768,32768,32768,32768,32768,32768,32768,32768,32768,32768,32768,32768,32768,32768,32768,32768,32768,32768,32768,32768,32768,28416,,,,,,,,False
1776145584.926655,4.479996,extended,,,,,,,,,,,,,,,,,,,,,,,,,,,,,,,,,,,,,,,,,,0,6,500,
1776145584.926655,4.479996,extended,,,,,,,,,,,,,,,,,,,,,,,,,,,,,,,,,,,,,,,,,,1,6,703,
1776145584.926655,4.479996,extended,,,,,,,,,,,,,,,,,,,,,,,,,,,,,,,,,,,,,,,,,,2,6,1179,
1776145584.926655,4.479996,channel,-2431,-1912,1040,-1000,30337,30856,33808,31768,65036,58719,32768,32768,32768,32768,32768,32768,32768,32768,32768,32768,32768,32768,32768,32768,32768,32768,32768,32768,32768,32768,32768,32768,32768,32768,32768,32768,28672,,,,,,,,False
1776145584.966655,4.519996,channel,-2269,-1828,960,-1000,30499,30940,33728,31768,65036,59243,32768,32768,32768,32768,32768,32768,32768,32768,32768,32768,32768,32768,32768,32768,32768,32768,32768,32768,32768,32768,32768,32768,32768,32768,32768,32768,28928,,,,,,,,False
1776145585.006655,4.559996,channel,-2100,-1741,880,-1000,30668,31027,33648,31768,65036,59767,32768,32768,32768,32768,32768,32768,32768,32768,32768,32768,32768,32768,32768,32768,32768,32768,32768,32768,32768,32768,32768,32768,32768,32768,32768,32768,29184,,,,,,,,False
1776145585.046655,4.599996,elrs,,,,,,,,,,,,,,,,,,,,,,,,,,,,,,,,,,,,,,20000,157,True,22,,,,
1776145585.046655,4.599996,channel,-1927,-1652,800,-1000,30841,31116,33568,31768,65036,60292,32768,32768,32768,32768,32768,32768,32768,32768,32768,32768,32768,32768,32768,32768,32768,32768,32768,32768,32768,32768,32768,32768,32768,32768,32768,32768,29440,,,,,,,,False
1776145585.086655,4.639996,channel,-1748,-1561,720,-1000,31020,31207,33488,31768,65036,60816,32768,32768,32768,32768,32768,32768,32768,32768,32768,32768,32768,32768,32768,32768,32768,32768,32768,32768,32768,32768,32768,32768,32768,32768,32768,32768,29696,,,,,,,,False
1776145585.126655,4.679996,channel,-1565,-1468,640,-1000,31203,31300,33408,31768,65036,61340,32768,32768,32768,32768,32768,32768,32768,32768,32768,32768,32768,32768,32768,32768,32768,32768,32768,32768,32768,32768,32768,32768,32768,32768,32768,32768,29952,,,,,,,,False
1776145585.166655,4.719996,channel,-1378,-1373,560,-1000,31390,31395,33328,31768,65036,61864,32768,32768,32768,32768,32768,32768,32768,32768,32768,32768,32768,32768,32768,32768,32768,32768,32768,32768,32768,32768,32768,32768,32768,32768,32768,32768,30208,,,,,,,,False
1776145585.206655,4.759996,channel,-1188,-1277,480,-1000,31580,31491,33248,31768,65036,62389,32768,32768,32768,32768,32768,32768,32768,32768,32768,32768,32768,32768,32768,32768,32768,32768,32768,32768,32768,32768,32768,32768,32768,32768,32768,32768,30464,,,,,,,,False
1776145585.246655,4.799996,elrs,,,,,,,,,,,,,,,,,,,,,,,,,,,,,,,,,,,,,,20000,143,True,23,,,,
1776145585.246655,4.799996,extended,,,,,,,,,,,,,,,,,,,,,,,,,,,,,,,,,,,,,,,,,,0,6,518,
1776145585.246655,4.799996,extended,,,,,,,,,,,,,,,,,,,,,,,,,,,,,,,,,,,,,,,,,,1,6,852,
1776145585.246655,4.799996,extended,,,,,,,,,,,,,,,,,,,,,,,,,,,,,,,,,,,,,,,,,,2,6,1322,
1776145585.246655,4.799996,channel,-994,-1179,400,-1000,31774,31589,33168,31768,65036,62913,32768,32768,32768,32768,32768,32768,32768,32768,32768,32768,32768,32768,32768,32768,32768,32768,32768,32768,32768,32768,32768,32768,32768,32768,32768,32768,30720,,,,,,,,False
1776145585.286654,4.839995,channel,-798,-1079,320,-1000,31970,31689,33088,31768,65036,63437,32768,32768,32768,32768,32768,32768,32768,32768,32768,32768,32768,32768,32768,32768,32768,32768,32768,32768,32768,32768,32768,32768,32768,32768,32768,32768,30976,,,,,,,,False
1776145585.326654,4.879995,channel,-600,-978,240,-1000,32168,31790,33008,31768,65036,63962,32768,32768,32768,32768,32768,32768,32768,32768,32768,32768,32768,32768,32768,32768,32768,32768,32768,32768,32768,32768,32768,32768,32768,32768,32768,32768,31232,,,,,,,,False
1776145585.366654,4.919995,channel,-401,-875,160,-1000,32367,31893,32928,31768,65036,64486,32768,32768,32768,32768,32768,32768,32768,32768,32768,32768,32768,32768,32768,32768,32768,32768,32768,32768,32768,32768,32768,32768,32768,32768,32768,32768,31488,,,,,,,,False
1776145585.406654,4.959995,channel,-201,-772,80,-1000,32567,31996,32848,31768,65036,65010,32768,32768,32768,32768,32768,32768,32768,32768,32768,32768,32768,32768,32768,32768,32768,32768,32768,32768,32768,32768,32768,32768,32768,32768,32768,32768,31744,,,,,,,,False
1776145585.446654,4.999995,elrs,,,,,,,,,,,,,,,,,,,,,,,,,,,,,,,,,,,,,,20000,131,True,24,,,,
1776145585.446654,4.999995,channel,0,-667,0,-1000,32768,32101,32768,31768,65036,65534,32768,32768,32768,32768,32768,32768,32768,32768,32768,32768,32768,32768,32768,32768,32768,32768,32768,32768,32768,32768,32768,32768,32768,32768,32768,32768,32000,,,,,,,,False
